0,/data/sftp/sftp_upload/1.tif
1,/data/sftp/sftp_upload/2.tif
2,/data/sftp/sftp_upload/3.tif
3,/data/sftp/sftp_upload/4.tif
4,/data/sftp/sftp_upload/5.tif
5,/data/sftp/sftp_upload/6.tif
7,/data/sftp/sftp_upload/8.tif
8,/data/sftp/sftp_upload/9.tif
16,/data/sftp/sftp_upload/17.tif
17,/data/sftp/sftp_upload/18.tif
18,/data/sftp/sftp_upload/19.tif
20,/data/sftp/sftp_upload/21.tif
21,/data/sftp/sftp_upload/22.tif
22,/data/sftp/sftp_upload/23.tif
23,/data/sftp/sftp_upload/24.tif
24,/data/sftp/sftp_upload/25.tif
26,/data/sftp/sftp_upload/27.tif
27,/data/sftp/sftp_upload/28.tif
29,/data/sftp/sftp_upload/30.tif
30,/data/sftp/sftp_upload/31.tif
31,/data/sftp/sftp_upload/32.tif
32,/data/sftp/sftp_upload/33.tif
33,/data/sftp/sftp_upload/34.tif
35,/data/sftp/sftp_upload/36.tif
36,/data/sftp/sftp_upload/37.tif
51,/data/sftp/sftp_upload/52.tif
52,/data/sftp/sftp_upload/53.tif
53,/data/sftp/sftp_upload/54.tif
54,/data/sftp/sftp_upload/55.tif
56,/data/sftp/sftp_upload/57.tif
57,/data/sftp/sftp_upload/58.tif
58,/data/sftp/sftp_upload/59.tif
59,/data/sftp/sftp_upload/60.tif
60,/data/sftp/sftp_upload/61.tif
62,/data/sftp/sftp_upload/63.tif
63,/data/sftp/sftp_upload/64.tif
64,/data/sftp/sftp_upload/65.tif
65,/data/sftp/sftp_upload/66.tif
67,/data/sftp/sftp_upload/68.tif
68,/data/sftp/sftp_upload/69.tif
84,/data/sftp/sftp_upload/85.tif
85,/data/sftp/sftp_upload/86.tif
86,/data/sftp/sftp_upload/87.tif
87,/data/sftp/sftp_upload/88.tif
88,/data/sftp/sftp_upload/89.tif
89,/data/sftp/sftp_upload/90.tif
90,/data/sftp/sftp_upload/91.tif
91,/data/sftp/sftp_upload/92.tif
92,/data/sftp/sftp_upload/93.tif
93,/data/sftp/sftp_upload/94.tif
94,/data/sftp/sftp_upload/95.tif
95,/data/sftp/sftp_upload/96.tif
96,/data/sftp/sftp_upload/97.tif
97,/data/sftp/sftp_upload/98.tif
99,/data/sftp/sftp_upload/100.tif
100,/data/sftp/sftp_upload/101.tif
101,/data/sftp/sftp_upload/102.tif
102,/data/sftp/sftp_upload/103.tif
103,/data/sftp/sftp_upload/104.tif
105,/data/sftp/sftp_upload/106.tif
106,/data/sftp/sftp_upload/107.tif
107,/data/sftp/sftp_upload/108.tif
108,/data/sftp/sftp_upload/109.tif
110,/data/sftp/sftp_upload/111.tif
111,/data/sftp/sftp_upload/112.tif
112,/data/sftp/sftp_upload/113.tif
113,/data/sftp/sftp_upload/114.tif
114,/data/sftp/sftp_upload/115.tif
115,/data/sftp/sftp_upload/116.tif
117,/data/sftp/sftp_upload/118.tif
118,/data/sftp/sftp_upload/119.tif
119,/data/sftp/sftp_upload/120.tif
120,/data/sftp/sftp_upload/121.tif
123,/data/sftp/sftp_upload/124.tif
124,/data/sftp/sftp_upload/125.tif
125,/data/sftp/sftp_upload/126.tif
126,/data/sftp/sftp_upload/127.tif
127,/data/sftp/sftp_upload/128.tif
128,/data/sftp/sftp_upload/129.tif
129,/data/sftp/sftp_upload/130.tif
130,/data/sftp/sftp_upload/131.tif
131,/data/sftp/sftp_upload/132.tif
132,/data/sftp/sftp_upload/133.tif
133,/data/sftp/sftp_upload/134.tif
134,/data/sftp/sftp_upload/135.tif
135,/data/sftp/sftp_upload/136.tif
136,/data/sftp/sftp_upload/137.tif
137,/data/sftp/sftp_upload/138.tif
138,/data/sftp/sftp_upload/139.tif
139,/data/sftp/sftp_upload/140.tif
146,/data/sftp/sftp_upload/147.tif
147,/data/sftp/sftp_upload/148.tif
148,/data/sftp/sftp_upload/149.tif
150,/data/sftp/sftp_upload/151.tif
151,/data/sftp/sftp_upload/152.tif
152,/data/sftp/sftp_upload/153.tif
153,/data/sftp/sftp_upload/154.tif
155,/data/sftp/sftp_upload/156.tif
156,/data/sftp/sftp_upload/157.tif
157,/data/sftp/sftp_upload/158.tif
160,/data/sftp/sftp_upload/161.tif
161,/data/sftp/sftp_upload/162.tif
163,/data/sftp/sftp_upload/164.tif
164,/data/sftp/sftp_upload/165.tif
166,/data/sftp/sftp_upload/167.tif
167,/data/sftp/sftp_upload/168.tif
168,/data/sftp/sftp_upload/169.tif
169,/data/sftp/sftp_upload/170.tif
171,/data/sftp/sftp_upload/172.tif
176,/data/sftp/sftp_upload/177.tif
177,/data/sftp/sftp_upload/178.tif
178,/data/sftp/sftp_upload/179.tif
193,/data/sftp/sftp_upload/194.tif
194,/data/sftp/sftp_upload/195.tif
195,/data/sftp/sftp_upload/196.tif
196,/data/sftp/sftp_upload/197.tif
197,/data/sftp/sftp_upload/198.tif
198,/data/sftp/sftp_upload/199.tif
199,/data/sftp/sftp_upload/200.tif
200,/data/sftp/sftp_upload/201.tif
201,/data/sftp/sftp_upload/202.tif
202,/data/sftp/sftp_upload/203.tif
203,/data/sftp/sftp_upload/204.tif
205,/data/sftp/sftp_upload/206.tif
212,/data/sftp/sftp_upload/213.tif
213,/data/sftp/sftp_upload/214.tif
215,/data/sftp/sftp_upload/216.tif
216,/data/sftp/sftp_upload/217.tif
217,/data/sftp/sftp_upload/218.tif
218,/data/sftp/sftp_upload/219.tif
219,/data/sftp/sftp_upload/220.tif
220,/data/sftp/sftp_upload/221.tif
221,/data/sftp/sftp_upload/222.tif
222,/data/sftp/sftp_upload/223.tif
223,/data/sftp/sftp_upload/224.tif
224,/data/sftp/sftp_upload/225.tif
226,/data/sftp/sftp_upload/227.tif
227,/data/sftp/sftp_upload/228.tif
228,/data/sftp/sftp_upload/229.tif
229,/data/sftp/sftp_upload/230.tif
230,/data/sftp/sftp_upload/231.tif
231,/data/sftp/sftp_upload/232.tif
232,/data/sftp/sftp_upload/233.tif
233,/data/sftp/sftp_upload/234.tif
234,/data/sftp/sftp_upload/235.tif
235,/data/sftp/sftp_upload/236.tif
236,/data/sftp/sftp_upload/237.tif
237,/data/sftp/sftp_upload/238.tif
238,/data/sftp/sftp_upload/239.tif
239,/data/sftp/sftp_upload/240.tif
240,/data/sftp/sftp_upload/241.tif
241,/data/sftp/sftp_upload/242.tif
242,/data/sftp/sftp_upload/243.tif
243,/data/sftp/sftp_upload/244.tif
244,/data/sftp/sftp_upload/245.tif
245,/data/sftp/sftp_upload/246.tif
246,/data/sftp/sftp_upload/247.tif
247,/data/sftp/sftp_upload/248.tif
248,/data/sftp/sftp_upload/249.tif
249,/data/sftp/sftp_upload/250.tif
251,/data/sftp/sftp_upload/252.tif
252,/data/sftp/sftp_upload/253.tif
253,/data/sftp/sftp_upload/254.tif
255,/data/sftp/sftp_upload/256.tif
256,/data/sftp/sftp_upload/257.tif
258,/data/sftp/sftp_upload/259.tif
259,/data/sftp/sftp_upload/260.tif
260,/data/sftp/sftp_upload/261.tif
261,/data/sftp/sftp_upload/262.tif
263,/data/sftp/sftp_upload/264.tif
264,/data/sftp/sftp_upload/265.tif
269,/data/sftp/sftp_upload/270.tif
270,/data/sftp/sftp_upload/271.tif
272,/data/sftp/sftp_upload/273.tif
280,/data/sftp/sftp_upload/281.tif
281,/data/sftp/sftp_upload/282.tif
282,/data/sftp/sftp_upload/283.tif
283,/data/sftp/sftp_upload/284.tif
284,/data/sftp/sftp_upload/285.tif
285,/data/sftp/sftp_upload/286.tif
287,/data/sftp/sftp_upload/288.tif
288,/data/sftp/sftp_upload/289.tif
289,/data/sftp/sftp_upload/290.tif
290,/data/sftp/sftp_upload/291.tif
291,/data/sftp/sftp_upload/292.tif
292,/data/sftp/sftp_upload/293.tif
293,/data/sftp/sftp_upload/294.tif
295,/data/sftp/sftp_upload/296.tif
296,/data/sftp/sftp_upload/297.tif
298,/data/sftp/sftp_upload/299.tif
299,/data/sftp/sftp_upload/300.tif
301,/data/sftp/sftp_upload/302.tif
302,/data/sftp/sftp_upload/303.tif
303,/data/sftp/sftp_upload/304.tif
304,/data/sftp/sftp_upload/305.tif
305,/data/sftp/sftp_upload/306.tif
306,/data/sftp/sftp_upload/307.tif
307,/data/sftp/sftp_upload/308.tif
308,/data/sftp/sftp_upload/309.tif
309,/data/sftp/sftp_upload/310.tif
310,/data/sftp/sftp_upload/311.tif
312,/data/sftp/sftp_upload/313.tif
313,/data/sftp/sftp_upload/314.tif
314,/data/sftp/sftp_upload/315.tif
315,/data/sftp/sftp_upload/316.tif
317,/data/sftp/sftp_upload/318.tif
